POZO;DELTA;DELTA ABSOLUTO;CURVA_REGISTRO;CURVA_INVERSION;CORRELACION;INTERVALO_FT;SIGNO_ESPERADO;CONSISTENCIA;LISTA
LLANITO-31;0.22;0.22;GR;IP_SH60;0.634;MTOMC - MTEE;POSITIVO;CONSISTENTE;SHIFT_30FT
LLANITO-31;0.22;0.22;VSH;IP_SH60;0.588;MTOMC - MTEE;POSITIVO;CONSISTENTE;SHIFT_30FT
LLANITO-31;0.22;0.22;GR;VPVS_SH60;0.179;MTOMC - MTEE;POSITIVO;CONSISTENTE;SHIFT_30FT
LLANITO-31;0.22;0.22;VSH;VPVS_SH60;0.167;MTOMC - MTEE;POSITIVO;CONSISTENTE;SHIFT_30FT
LLANITO-31;0.22;0.22;PERM;VPVS_SH60;-0.081;MTOMC - MTEE;NEGATIVO;CONSISTENTE;SHIFT_30FT
LLANITO-31;0.22;0.22;POR;VPVS_SH60;-0.167;MTOMC - MTEE;NEGATIVO;CONSISTENTE;SHIFT_30FT
LLANITO-31;0.22;0.22;PERM;IP_SH60;-0.47;MTOMC - MTEE;NEGATIVO;CONSISTENTE;SHIFT_30FT
LLANITO-31;0.22;0.22;POR;IP_SH60;-0.591;MTOMC - MTEE;NEGATIVO;CONSISTENTE;SHIFT_30FT
LLANITO-28;0.58;0.58;GR;IP_SH60;0.172;MTOMC - MTEE;POSITIVO;CONSISTENTE;SHIFT_30FT
LLANITO-28;0.58;0.58;VSH;IP_SH60;0.14;MTOMC - MTEE;POSITIVO;CONSISTENTE;SHIFT_30FT
LLANITO-28;0.58;0.58;GR;VPVS_SH60;0.116;MTOMC - MTEE;POSITIVO;CONSISTENTE;SHIFT_30FT
LLANITO-28;0.58;0.58;VSH;VPVS_SH60;0.082;MTOMC - MTEE;POSITIVO;CONSISTENTE;SHIFT_30FT
LLANITO-28;0.58;0.58;PERM;VPVS_SH60;-0.023;MTOMC - MTEE;NEGATIVO;CONSISTENTE;SHIFT_30FT
LLANITO-28;0.58;0.58;PERM;IP_SH60;-0.06;MTOMC - MTEE;NEGATIVO;CONSISTENTE;SHIFT_30FT
LLANITO-28;0.58;0.58;POR;VPVS_SH60;-0.079;MTOMC - MTEE;NEGATIVO;CONSISTENTE;SHIFT_30FT
LLANITO-28;0.58;0.58;POR;IP_SH60;-0.136;MTOMC - MTEE;NEGATIVO;CONSISTENTE;SHIFT_30FT
PROMETEO-1;-2.25;2.25;VSH;VPVS_SH60;0.753;MTOMC - MTEE;POSITIVO;CONSISTENTE;MOD_PSDM
PROMETEO-1;-2.25;2.25;GR;VPVS_SH60;0.695;MTOMC - MTEE;POSITIVO;CONSISTENTE;MOD_PSDM
PROMETEO-1;-2.25;2.25;VSH;IP_SH60;0.228;MTOMC - MTEE;POSITIVO;CONSISTENTE;MOD_PSDM
PROMETEO-1;-2.25;2.25;GR;IP_SH60;0.22;MTOMC - MTEE;POSITIVO;CONSISTENTE;MOD_PSDM
PROMETEO-1;-2.25;2.25;PERM;IP_SH60;-0.137;MTOMC - MTEE;NEGATIVO;CONSISTENTE;MOD_PSDM
PROMETEO-1;-2.25;2.25;POR;IP_SH60;-0.178;MTOMC - MTEE;NEGATIVO;CONSISTENTE;MOD_PSDM
PROMETEO-1;-2.25;2.25;PERM;VPVS_SH60;-0.27;MTOMC - MTEE;NEGATIVO;CONSISTENTE;MOD_PSDM
PROMETEO-1;-2.25;2.25;POR;VPVS_SH60;-0.316;MTOMC - MTEE;NEGATIVO;CONSISTENTE;MOD_PSDM
LLANITO-112;2.46;2.46;GR;IP_SH60;0.178;MTOMC - MTEE;POSITIVO;CONSISTENTE;SHIFT_30FT
LLANITO-112;2.46;2.46;GR;VPVS_SH60;0.162;MTOMC - MTEE;POSITIVO;CONSISTENTE;SHIFT_30FT
LLANITO-112;2.46;2.46;VSH;VPVS_SH60;0.158;MTOMC - MTEE;POSITIVO;CONSISTENTE;SHIFT_30FT
LLANITO-112;2.46;2.46;VSH;IP_SH60;0.143;MTOMC - MTEE;POSITIVO;CONSISTENTE;SHIFT_30FT
LLANITO-112;2.46;2.46;POR;VPVS_SH60;0.042;MTOMC - MTEE;NEGATIVO;INCONSISTENTE;SHIFT_30FT
LLANITO-112;2.46;2.46;PERM;VPVS_SH60;0.011;MTOMC - MTEE;NEGATIVO;INCONSISTENTE;SHIFT_30FT
LLANITO-112;2.46;2.46;POR;IP_SH60;-0.015;MTOMC - MTEE;NEGATIVO;CONSISTENTE;SHIFT_30FT
LLANITO-112;2.46;2.46;PERM;IP_SH60;-0.018;MTOMC - MTEE;NEGATIVO;CONSISTENTE;SHIFT_30FT
LLANITO-108;3.76;3.76;GR;VPVS_SH60;0.617;MTOMC - MTEE;POSITIVO;CONSISTENTE;SHIFT_30FT
LLANITO-108;3.76;3.76;VSH;VPVS_SH60;0.582;MTOMC - MTEE;POSITIVO;CONSISTENTE;SHIFT_30FT
LLANITO-108;3.76;3.76;GR;IP_SH60;0.36;MTOMC - MTEE;POSITIVO;CONSISTENTE;SHIFT_30FT
LLANITO-108;3.76;3.76;VSH;IP_SH60;0.323;MTOMC - MTEE;POSITIVO;CONSISTENTE;SHIFT_30FT
LLANITO-108;3.76;3.76;PERM;IP_SH60;-0.216;MTOMC - MTEE;NEGATIVO;CONSISTENTE;SHIFT_30FT
LLANITO-108;3.76;3.76;POR;IP_SH60;-0.256;MTOMC - MTEE;NEGATIVO;CONSISTENTE;SHIFT_30FT
LLANITO-108;3.76;3.76;PERM;VPVS_SH60;-0.28;MTOMC - MTEE;NEGATIVO;CONSISTENTE;SHIFT_30FT
LLANITO-108;3.76;3.76;POR;VPVS_SH60;-0.607;MTOMC - MTEE;NEGATIVO;CONSISTENTE;SHIFT_30FT
LLANITO-84;-4.71;4.71;GR;IP_SH60;0.355;MTOMC - MTEE;POSITIVO;CONSISTENTE;SHIFT_30FT
LLANITO-84;-4.71;4.71;PERM;IP_SH60;0.08;MTOMC - MTEE;NEGATIVO;INCONSISTENTE;SHIFT_30FT
LLANITO-84;-4.71;4.71;VSH;IP_SH60;0.078;MTOMC - MTEE;POSITIVO;CONSISTENTE;SHIFT_30FT
LLANITO-84;-4.71;4.71;POR;IP_SH60;0.015;MTOMC - MTEE;NEGATIVO;INCONSISTENTE;SHIFT_30FT
LLANITO-84;-4.71;4.71;PERM;VPVS_SH60;-0.074;MTOMC - MTEE;NEGATIVO;CONSISTENTE;SHIFT_30FT
LLANITO-84;-4.71;4.71;POR;VPVS_SH60;-0.157;MTOMC - MTEE;NEGATIVO;CONSISTENTE;SHIFT_30FT
LLANITO-84;-4.71;4.71;GR;VPVS_SH60;-0.406;MTOMC - MTEE;POSITIVO;INCONSISTENTE;SHIFT_30FT
LLANITO-84;-4.71;4.71;VSH;VPVS_SH60;-0.509;MTOMC - MTEE;POSITIVO;INCONSISTENTE;SHIFT_30FT
LLANITO-71;-5.73;5.73;PERM;VPVS_SH60;0.318;MTOMC - MTEE;NEGATIVO;INCONSISTENTE;SHIFT_30FT
LLANITO-71;-5.73;5.73;PERM;IP_SH60;0.127;MTOMC - MTEE;NEGATIVO;INCONSISTENTE;SHIFT_30FT
LLANITO-71;-5.73;5.73;POR;VPVS_SH60;0.125;MTOMC - MTEE;NEGATIVO;INCONSISTENTE;SHIFT_30FT
LLANITO-71;-5.73;5.73;VSH;IP_SH60;0.107;MTOMC - MTEE;POSITIVO;CONSISTENTE;SHIFT_30FT
LLANITO-71;-5.73;5.73;GR;IP_SH60;0.049;MTOMC - MTEE;POSITIVO;CONSISTENTE;SHIFT_30FT
LLANITO-71;-5.73;5.73;POR;IP_SH60;-0.099;MTOMC - MTEE;NEGATIVO;CONSISTENTE;SHIFT_30FT
LLANITO-71;-5.73;5.73;VSH;VPVS_SH60;-0.122;MTOMC - MTEE;POSITIVO;INCONSISTENTE;SHIFT_30FT
LLANITO-71;-5.73;5.73;GR;VPVS_SH60;-0.201;MTOMC - MTEE;POSITIVO;INCONSISTENTE;SHIFT_30FT
LLANITO-110;6.14;6.14;VSH;VPVS_SH60;0.435;MTOMC - MTEE;POSITIVO;CONSISTENTE;SHIFT_30FT
LLANITO-110;6.14;6.14;GR;IP_SH60;0.418;MTOMC - MTEE;POSITIVO;CONSISTENTE;SHIFT_30FT
LLANITO-110;6.14;6.14;GR;VPVS_SH60;0.41;MTOMC - MTEE;POSITIVO;CONSISTENTE;SHIFT_30FT
LLANITO-110;6.14;6.14;VSH;IP_SH60;0.315;MTOMC - MTEE;POSITIVO;CONSISTENTE;SHIFT_30FT
LLANITO-110;6.14;6.14;PERM;VPVS_SH60;-0.218;MTOMC - MTEE;NEGATIVO;CONSISTENTE;SHIFT_30FT
LLANITO-110;6.14;6.14;PERM;IP_SH60;-0.28;MTOMC - MTEE;NEGATIVO;CONSISTENTE;SHIFT_30FT
LLANITO-110;6.14;6.14;POR;IP_SH60;-0.319;MTOMC - MTEE;NEGATIVO;CONSISTENTE;SHIFT_30FT
LLANITO-110;6.14;6.14;POR;VPVS_SH60;-0.368;MTOMC - MTEE;NEGATIVO;CONSISTENTE;SHIFT_30FT
LLANITO-18;-6.47;6.47;VSH;IP_SH60;0.187;MTOMC - MTEE;POSITIVO;CONSISTENTE;SHIFT_30FT
LLANITO-18;-6.47;6.47;VSH;VPVS_SH60;0.16;MTOMC - MTEE;POSITIVO;CONSISTENTE;SHIFT_30FT
LLANITO-18;-6.47;6.47;GR;VPVS_SH60;0.146;MTOMC - MTEE;POSITIVO;CONSISTENTE;SHIFT_30FT
LLANITO-18;-6.47;6.47;GR;IP_SH60;0.123;MTOMC - MTEE;POSITIVO;CONSISTENTE;SHIFT_30FT
LLANITO-18;-6.47;6.47;POR;VPVS_SH60;-0.162;MTOMC - MTEE;NEGATIVO;CONSISTENTE;SHIFT_30FT
LLANITO-18;-6.47;6.47;POR;IP_SH60;-0.189;MTOMC - MTEE;NEGATIVO;CONSISTENTE;SHIFT_30FT
LLANITO-18;-6.47;6.47;PERM;IP_SH60;-0.215;MTOMC - MTEE;NEGATIVO;CONSISTENTE;SHIFT_30FT
LLANITO-18;-6.47;6.47;PERM;VPVS_SH60;-0.331;MTOMC - MTEE;NEGATIVO;CONSISTENTE;SHIFT_30FT
GALA-11;10.37;10.37;VSH;IP_SH60;0.187;MTOMC - MTEE;POSITIVO;CONSISTENTE;SHIFT_30FT
GALA-11;10.37;10.37;VSH;VPVS_SH60;0.16;MTOMC - MTEE;POSITIVO;CONSISTENTE;SHIFT_30FT
GALA-11;10.37;10.37;GR;VPVS_SH60;0.146;MTOMC - MTEE;POSITIVO;CONSISTENTE;SHIFT_30FT
GALA-11;10.37;10.37;GR;IP_SH60;0.123;MTOMC - MTEE;POSITIVO;CONSISTENTE;SHIFT_30FT
GALA-11;10.37;10.37;POR;VPVS_SH60;-0.162;MTOMC - MTEE;NEGATIVO;CONSISTENTE;SHIFT_30FT
GALA-11;10.37;10.37;POR;IP_SH60;-0.189;MTOMC - MTEE;NEGATIVO;CONSISTENTE;SHIFT_30FT
GALA-11;10.37;10.37;PERM;IP_SH60;-0.215;MTOMC - MTEE;NEGATIVO;CONSISTENTE;SHIFT_30FT
GALA-11;10.37;10.37;PERM;VPVS_SH60;-0.331;MTOMC - MTEE;NEGATIVO;CONSISTENTE;SHIFT_30FT
LLANITO-104;-10.78;10.78;VSH;IP_SH60;0.522;MTOMC - MTEE;POSITIVO;CONSISTENTE;SHIFT_30FT
LLANITO-104;-10.78;10.78;VSH;VPVS_SH60;0.487;MTOMC - MTEE;POSITIVO;CONSISTENTE;SHIFT_30FT
LLANITO-104;-10.78;10.78;GR;VPVS_SH60;0.431;MTOMC - MTEE;POSITIVO;CONSISTENTE;SHIFT_30FT
LLANITO-104;-10.78;10.78;GR;IP_SH60;0.414;MTOMC - MTEE;POSITIVO;CONSISTENTE;SHIFT_30FT
LLANITO-104;-10.78;10.78;POR;VPVS_SH60;-0.495;MTOMC - MTEE;NEGATIVO;CONSISTENTE;SHIFT_30FT
LLANITO-104;-10.78;10.78;PERM;IP_SH60;-0.529;MTOMC - MTEE;NEGATIVO;CONSISTENTE;SHIFT_30FT
LLANITO-104;-10.78;10.78;PERM;VPVS_SH60;-0.539;MTOMC - MTEE;NEGATIVO;CONSISTENTE;SHIFT_30FT
LLANITO-104;-10.78;10.78;POR;IP_SH60;-0.543;MTOMC - MTEE;NEGATIVO;CONSISTENTE;SHIFT_30FT
LLANITO-93;12.06;12.06;PERM;VPVS_SH60;0.05;MTOMC - MTEE;NEGATIVO;INCONSISTENTE;SHIFT_30FT
LLANITO-93;12.06;12.06;POR;VPVS_SH60;0.035;MTOMC - MTEE;NEGATIVO;INCONSISTENTE;SHIFT_30FT
LLANITO-93;12.06;12.06;GR;IP_SH60;0.024;MTOMC - MTEE;POSITIVO;CONSISTENTE;SHIFT_30FT
LLANITO-93;12.06;12.06;GR;VPVS_SH60;0.024;MTOMC - MTEE;POSITIVO;CONSISTENTE;SHIFT_30FT
LLANITO-93;12.06;12.06;VSH;IP_SH60;-0.01;MTOMC - MTEE;POSITIVO;INCONSISTENTE;SHIFT_30FT
LLANITO-93;12.06;12.06;POR;IP_SH60;-0.044;MTOMC - MTEE;NEGATIVO;CONSISTENTE;SHIFT_30FT
LLANITO-93;12.06;12.06;VSH;VPVS_SH60;-0.087;MTOMC - MTEE;POSITIVO;INCONSISTENTE;SHIFT_30FT
LLANITO-93;12.06;12.06;PERM;IP_SH60;-0.094;MTOMC - MTEE;NEGATIVO;CONSISTENTE;SHIFT_30FT
LLANITO-37;-12.2;12.2;VSH;IP_SH60;0.385;MTOMC - MTEE;POSITIVO;CONSISTENTE;SHIFT_30FT
LLANITO-37;-12.2;12.2;GR;IP_SH60;0.375;MTOMC - MTEE;POSITIVO;CONSISTENTE;SHIFT_30FT
LLANITO-37;-12.2;12.2;PERM;VPVS_SH60;0.168;MTOMC - MTEE;NEGATIVO;INCONSISTENTE;SHIFT_30FT
LLANITO-37;-12.2;12.2;VSH;VPVS_SH60;0.103;MTOMC - MTEE;POSITIVO;CONSISTENTE;SHIFT_30FT
LLANITO-37;-12.2;12.2;GR;VPVS_SH60;0.029;MTOMC - MTEE;POSITIVO;CONSISTENTE;SHIFT_30FT
LLANITO-37;-12.2;12.2;POR;VPVS_SH60;-0.097;MTOMC - MTEE;NEGATIVO;CONSISTENTE;SHIFT_30FT
LLANITO-37;-12.2;12.2;PERM;IP_SH60;-0.28;MTOMC - MTEE;NEGATIVO;CONSISTENTE;SHIFT_30FT
LLANITO-37;-12.2;12.2;POR;IP_SH60;-0.388;MTOMC - MTEE;NEGATIVO;CONSISTENTE;SHIFT_30FT
GALA-1K;12.28;12.28;VSH;IP_SH60;0.408;MTOMC - MTEE;POSITIVO;CONSISTENTE;MOD_PSDM
GALA-1K;12.28;12.28;GR;VPVS_SH60;0.259;MTOMC - MTEE;POSITIVO;CONSISTENTE;MOD_PSDM
GALA-1K;12.28;12.28;VSH;VPVS_SH60;0.225;MTOMC - MTEE;POSITIVO;CONSISTENTE;MOD_PSDM
GALA-1K;12.28;12.28;GR;IP_SH60;0.208;MTOMC - MTEE;POSITIVO;CONSISTENTE;MOD_PSDM
GALA-1K;12.28;12.28;PERM;VPVS_SH60;-0.012;MTOMC - MTEE;NEGATIVO;CONSISTENTE;MOD_PSDM
GALA-1K;12.28;12.28;POR;VPVS_SH60;-0.097;MTOMC - MTEE;NEGATIVO;CONSISTENTE;MOD_PSDM
GALA-1K;12.28;12.28;PERM;IP_SH60;-0.288;MTOMC - MTEE;NEGATIVO;CONSISTENTE;MOD_PSDM
GALA-1K;12.28;12.28;POR;IP_SH60;-0.436;MTOMC - MTEE;NEGATIVO;CONSISTENTE;MOD_PSDM
LLANITO-1;13.19;13.19;VSH;IP_SH60;0.684;MTOMC - MTEE;POSITIVO;CONSISTENTE;MOD_PSDM
LLANITO-1;13.19;13.19;GR;IP_SH60;0.595;MTOMC - MTEE;POSITIVO;CONSISTENTE;MOD_PSDM
LLANITO-1;13.19;13.19;VSH;VPVS_SH60;0.454;MTOMC - MTEE;POSITIVO;CONSISTENTE;MOD_PSDM
LLANITO-1;13.19;13.19;GR;VPVS_SH60;0.375;MTOMC - MTEE;POSITIVO;CONSISTENTE;MOD_PSDM
LLANITO-1;13.19;13.19;PERM;VPVS_SH60;-0.315;MTOMC - MTEE;NEGATIVO;CONSISTENTE;MOD_PSDM
LLANITO-1;13.19;13.19;POR;VPVS_SH60;-0.451;MTOMC - MTEE;NEGATIVO;CONSISTENTE;MOD_PSDM
LLANITO-1;13.19;13.19;PERM;IP_SH60;-0.501;MTOMC - MTEE;NEGATIVO;CONSISTENTE;MOD_PSDM
LLANITO-1;13.19;13.19;POR;IP_SH60;-0.681;MTOMC - MTEE;NEGATIVO;CONSISTENTE;MOD_PSDM
LLANITO-136;-15.4;15.4;GR;VPVS_SH60;0.589;MTOMC - MTEE;POSITIVO;CONSISTENTE;SHIFT_30FT
LLANITO-136;-15.4;15.4;VSH;VPVS_SH60;0.578;MTOMC - MTEE;POSITIVO;CONSISTENTE;SHIFT_30FT
LLANITO-136;-15.4;15.4;GR;IP_SH60;0.465;MTOMC - MTEE;POSITIVO;CONSISTENTE;SHIFT_30FT
LLANITO-136;-15.4;15.4;VSH;IP_SH60;0.419;MTOMC - MTEE;POSITIVO;CONSISTENTE;SHIFT_30FT
LLANITO-136;-15.4;15.4;PERM;IP_SH60;-0.362;MTOMC - MTEE;NEGATIVO;CONSISTENTE;SHIFT_30FT
LLANITO-136;-15.4;15.4;POR;IP_SH60;-0.376;MTOMC - MTEE;NEGATIVO;CONSISTENTE;SHIFT_30FT
LLANITO-136;-15.4;15.4;POR;VPVS_SH60;-0.446;MTOMC - MTEE;NEGATIVO;CONSISTENTE;SHIFT_30FT
LLANITO-136;-15.4;15.4;PERM;VPVS_SH60;-0.503;MTOMC - MTEE;NEGATIVO;CONSISTENTE;SHIFT_30FT
LLANITO-100;-16.19;16.19;GR;VPVS_SH60;0.737;MTOMC - MTEE;POSITIVO;CONSISTENTE;SHIFT_30FT
LLANITO-100;-16.19;16.19;VSH;VPVS_SH60;0.66;MTOMC - MTEE;POSITIVO;CONSISTENTE;SHIFT_30FT
LLANITO-100;-16.19;16.19;VSH;IP_SH60;0.658;MTOMC - MTEE;POSITIVO;CONSISTENTE;SHIFT_30FT
LLANITO-100;-16.19;16.19;GR;IP_SH60;0.603;MTOMC - MTEE;POSITIVO;CONSISTENTE;SHIFT_30FT
LLANITO-100;-16.19;16.19;PERM;VPVS_SH60;-0.55;MTOMC - MTEE;NEGATIVO;CONSISTENTE;SHIFT_30FT
LLANITO-100;-16.19;16.19;PERM;IP_SH60;-0.57;MTOMC - MTEE;NEGATIVO;CONSISTENTE;SHIFT_30FT
LLANITO-100;-16.19;16.19;POR;VPVS_SH60;-0.589;MTOMC - MTEE;NEGATIVO;CONSISTENTE;SHIFT_30FT
LLANITO-100;-16.19;16.19;POR;IP_SH60;-0.62;MTOMC - MTEE;NEGATIVO;CONSISTENTE;SHIFT_30FT
BERLIN-2;17.17;17.17;PERM;IP_SH60;0.324;MTOMC - MTEE;NEGATIVO;INCONSISTENTE;SHIFT_30FT
BERLIN-2;17.17;17.17;PERM;VPVS_SH60;0.301;MTOMC - MTEE;NEGATIVO;INCONSISTENTE;SHIFT_30FT
BERLIN-2;17.17;17.17;POR;IP_SH60;0.295;MTOMC - MTEE;NEGATIVO;INCONSISTENTE;SHIFT_30FT
BERLIN-2;17.17;17.17;POR;VPVS_SH60;0.15;MTOMC - MTEE;NEGATIVO;INCONSISTENTE;SHIFT_30FT
BERLIN-2;17.17;17.17;GR;IP_SH60;0;MTOMC - MTEE;POSITIVO;INCONSISTENTE;SHIFT_30FT
BERLIN-2;17.17;17.17;GR;VPVS_SH60;0;MTOMC - MTEE;POSITIVO;INCONSISTENTE;SHIFT_30FT
BERLIN-2;17.17;17.17;VSH;VPVS_SH60;-0.181;MTOMC - MTEE;POSITIVO;INCONSISTENTE;SHIFT_30FT
BERLIN-2;17.17;17.17;VSH;IP_SH60;-0.322;MTOMC - MTEE;POSITIVO;INCONSISTENTE;SHIFT_30FT
LLANITO-85;20.09;20.09;GR;IP_SH60;0.371;MTOMC - MTEE;POSITIVO;CONSISTENTE;SHIFT_30FT
LLANITO-85;20.09;20.09;VSH;IP_SH60;0.367;MTOMC - MTEE;POSITIVO;CONSISTENTE;SHIFT_30FT
LLANITO-85;20.09;20.09;VSH;VPVS_SH60;0.177;MTOMC - MTEE;POSITIVO;CONSISTENTE;SHIFT_30FT
LLANITO-85;20.09;20.09;GR;VPVS_SH60;0.017;MTOMC - MTEE;POSITIVO;CONSISTENTE;SHIFT_30FT
LLANITO-85;20.09;20.09;PERM;IP_SH60;-0.217;MTOMC - MTEE;NEGATIVO;CONSISTENTE;SHIFT_30FT
LLANITO-85;20.09;20.09;POR;VPVS_SH60;-0.283;MTOMC - MTEE;NEGATIVO;CONSISTENTE;SHIFT_30FT
LLANITO-85;20.09;20.09;POR;IP_SH60;-0.348;MTOMC - MTEE;NEGATIVO;CONSISTENTE;SHIFT_30FT
LLANITO-85;20.09;20.09;PERM;VPVS_SH60;-0.406;MTOMC - MTEE;NEGATIVO;CONSISTENTE;SHIFT_30FT
LLANITO-7;-24.66;24.66;POR;VPVS_SH60;0.533;MTOMC - MTEE;NEGATIVO;INCONSISTENTE;SHIFT_30FT
LLANITO-7;-24.66;24.66;PERM;VPVS_SH60;0.476;MTOMC - MTEE;NEGATIVO;INCONSISTENTE;SHIFT_30FT
LLANITO-7;-24.66;24.66;POR;IP_SH60;0.195;MTOMC - MTEE;NEGATIVO;INCONSISTENTE;SHIFT_30FT
LLANITO-7;-24.66;24.66;PERM;IP_SH60;0.101;MTOMC - MTEE;NEGATIVO;INCONSISTENTE;SHIFT_30FT
LLANITO-7;-24.66;24.66;GR;IP_SH60;-0.078;MTOMC - MTEE;POSITIVO;INCONSISTENTE;SHIFT_30FT
LLANITO-7;-24.66;24.66;VSH;IP_SH60;-0.195;MTOMC - MTEE;POSITIVO;INCONSISTENTE;SHIFT_30FT
LLANITO-7;-24.66;24.66;GR;VPVS_SH60;-0.46;MTOMC - MTEE;POSITIVO;INCONSISTENTE;SHIFT_30FT
LLANITO-7;-24.66;24.66;VSH;VPVS_SH60;-0.532;MTOMC - MTEE;POSITIVO;INCONSISTENTE;SHIFT_30FT
LLANITO-60;-25.45;25.45;GR;IP_SH60;0.759;MTOMC - MTEE;POSITIVO;CONSISTENTE;SHIFT_30FT
LLANITO-60;-25.45;25.45;GR;VPVS_SH60;0.4;MTOMC - MTEE;POSITIVO;CONSISTENTE;SHIFT_30FT
LLANITO-60;-25.45;25.45;PERM;IP_SH60;-0.714;MTOMC - MTEE;NEGATIVO;CONSISTENTE;SHIFT_30FT
LLANITO-60;-25.45;25.45;PERM;VPVS_SH60;-0.347;MTOMC - MTEE;NEGATIVO;CONSISTENTE;SHIFT_30FT
LLANITO-60;-25.45;25.45;POR;IP_SH60;-0.784;MTOMC - MTEE;NEGATIVO;CONSISTENTE;SHIFT_30FT
LLANITO-60;-25.45;25.45;POR;VPVS_SH60;-0.417;MTOMC - MTEE;NEGATIVO;CONSISTENTE;SHIFT_30FT
LLANITO-60;-25.45;25.45;VSH;IP_SH60;0.783;MTOMC - MTEE;POSITIVO;CONSISTENTE;SHIFT_30FT
LLANITO-60;-25.45;25.45;VSH;VPVS_SH60;0.783;MTOMC - MTEE;POSITIVO;CONSISTENTE;SHIFT_30FT
LLANITO-122;-26.37;26.37;GR;IP_SH60;0.21;MTOMC - MTEE;POSITIVO;CONSISTENTE;INVERSION
LLANITO-122;-26.37;26.37;GR;VPVS_SH60;-0.125;MTOMC - MTEE;POSITIVO;INCONSISTENTE;INVERSION
LLANITO-122;-26.37;26.37;PERM;IP_SH60;-0.19;MTOMC - MTEE;NEGATIVO;CONSISTENTE;INVERSION
LLANITO-122;-26.37;26.37;PERM;VPVS_SH60;0.092;MTOMC - MTEE;NEGATIVO;INCONSISTENTE;INVERSION
LLANITO-122;-26.37;26.37;POR;IP_SH60;-0.251;MTOMC - MTEE;NEGATIVO;CONSISTENTE;INVERSION
LLANITO-122;-26.37;26.37;POR;VPVS_SH60;0.104;MTOMC - MTEE;NEGATIVO;INCONSISTENTE;INVERSION
LLANITO-122;-26.37;26.37;VSH;IP_SH60;0.188;MTOMC - MTEE;POSITIVO;CONSISTENTE;INVERSION
LLANITO-122;-26.37;26.37;VSH;VPVS_SH60;-0.112;MTOMC - MTEE;POSITIVO;INCONSISTENTE;INVERSION
LLANITO-124;-26.59;26.59;GR;IP_SH60;0.386;MTOMC - MTEE;POSITIVO;CONSISTENTE;INVERSION
LLANITO-124;-26.59;26.59;GR;VPVS_SH60;0.347;MTOMC - MTEE;POSITIVO;CONSISTENTE;INVERSION
LLANITO-124;-26.59;26.59;PERM;IP_SH60;-0.242;MTOMC - MTEE;NEGATIVO;CONSISTENTE;INVERSION
LLANITO-124;-26.59;26.59;PERM;VPVS_SH60;-0.072;MTOMC - MTEE;NEGATIVO;CONSISTENTE;INVERSION
LLANITO-124;-26.59;26.59;POR;IP_SH60;-0.455;MTOMC - MTEE;NEGATIVO;CONSISTENTE;INVERSION
LLANITO-124;-26.59;26.59;POR;VPVS_SH60;-0.356;MTOMC - MTEE;NEGATIVO;CONSISTENTE;INVERSION
LLANITO-124;-26.59;26.59;VSH;IP_SH60;0.437;MTOMC - MTEE;POSITIVO;CONSISTENTE;INVERSION
LLANITO-124;-26.59;26.59;VSH;VPVS_SH60;0.402;MTOMC - MTEE;POSITIVO;CONSISTENTE;INVERSION
LLANITO-12;27.84;27.84;GR;IP_SH60;0.122;MTOMC - MTEE;POSITIVO;CONSISTENTE;SHIFT_30FT
LLANITO-12;27.84;27.84;GR;VPVS_SH60;0.366;MTOMC - MTEE;POSITIVO;CONSISTENTE;SHIFT_30FT
LLANITO-12;27.84;27.84;PERM;IP_SH60;-0.157;MTOMC - MTEE;NEGATIVO;CONSISTENTE;SHIFT_30FT
LLANITO-12;27.84;27.84;PERM;VPVS_SH60;-0.276;MTOMC - MTEE;NEGATIVO;CONSISTENTE;SHIFT_30FT
LLANITO-12;27.84;27.84;POR;IP_SH60;-0.2;MTOMC - MTEE;NEGATIVO;CONSISTENTE;SHIFT_30FT
LLANITO-12;27.84;27.84;POR;VPVS_SH60;-0.373;MTOMC - MTEE;NEGATIVO;CONSISTENTE;SHIFT_30FT
LLANITO-12;27.84;27.84;VSH;IP_SH60;0.203;MTOMC - MTEE;POSITIVO;CONSISTENTE;SHIFT_30FT
LLANITO-12;27.84;27.84;VSH;VPVS_SH60;0.377;MTOMC - MTEE;POSITIVO;CONSISTENTE;SHIFT_30FT
CARDALES-5;28.35;28.35;GR;IP_SH60;0.13;MTOMC - MTEE;POSITIVO;CONSISTENTE;SHIFT_30FT
CARDALES-5;28.35;28.35;GR;VPVS_SH60;-0.148;MTOMC - MTEE;POSITIVO;INCONSISTENTE;SHIFT_30FT
CARDALES-5;28.35;28.35;PERM;IP_SH60;0.1;MTOMC - MTEE;NEGATIVO;INCONSISTENTE;SHIFT_30FT
CARDALES-5;28.35;28.35;PERM;VPVS_SH60;-0.256;MTOMC - MTEE;NEGATIVO;CONSISTENTE;SHIFT_30FT
CARDALES-5;28.35;28.35;POR;IP_SH60;-0.075;MTOMC - MTEE;NEGATIVO;CONSISTENTE;SHIFT_30FT
CARDALES-5;28.35;28.35;POR;VPVS_SH60;-0.314;MTOMC - MTEE;NEGATIVO;CONSISTENTE;SHIFT_30FT
CARDALES-5;28.35;28.35;VSH;IP_SH60;0.174;MTOMC - MTEE;POSITIVO;CONSISTENTE;SHIFT_30FT
CARDALES-5;28.35;28.35;VSH;VPVS_SH60;0.156;MTOMC - MTEE;POSITIVO;CONSISTENTE;SHIFT_30FT
LLANITO-8;28.49;28.49;GR;IP_SH60;0.079;MTOMC - MTEE;POSITIVO;CONSISTENTE;SHIFT_30FT
LLANITO-8;28.49;28.49;GR;VPVS_SH60;0.047;MTOMC - MTEE;POSITIVO;CONSISTENTE;SHIFT_30FT
LLANITO-8;28.49;28.49;PERM;IP_SH60;-0.104;MTOMC - MTEE;NEGATIVO;CONSISTENTE;SHIFT_30FT
LLANITO-8;28.49;28.49;PERM;VPVS_SH60;-0.003;MTOMC - MTEE;NEGATIVO;CONSISTENTE;SHIFT_30FT
LLANITO-8;28.49;28.49;POR;IP_SH60;-0.099;MTOMC - MTEE;NEGATIVO;CONSISTENTE;SHIFT_30FT
LLANITO-8;28.49;28.49;POR;VPVS_SH60;-0.093;MTOMC - MTEE;NEGATIVO;CONSISTENTE;SHIFT_30FT
LLANITO-8;28.49;28.49;VSH;IP_SH60;0.1;MTOMC - MTEE;POSITIVO;CONSISTENTE;SHIFT_30FT
LLANITO-8;28.49;28.49;VSH;VPVS_SH60;0.097;MTOMC - MTEE;POSITIVO;CONSISTENTE;SHIFT_30FT
LLANITO-121;29.01;29.01;GR;IP_SH60;0.351;MTOMC - MTEE;POSITIVO;CONSISTENTE;INVERSION
LLANITO-121;29.01;29.01;GR;VPVS_SH60;0.577;MTOMC - MTEE;POSITIVO;CONSISTENTE;INVERSION
LLANITO-121;29.01;29.01;PERM;IP_SH60;-0.5;MTOMC - MTEE;NEGATIVO;CONSISTENTE;INVERSION
LLANITO-121;29.01;29.01;PERM;VPVS_SH60;-0.505;MTOMC - MTEE;NEGATIVO;CONSISTENTE;INVERSION
LLANITO-121;29.01;29.01;POR;IP_SH60;0.302;MTOMC - MTEE;NEGATIVO;CONSISTENTE;INVERSION
LLANITO-121;29.01;29.01;POR;VPVS_SH60;-0.548;MTOMC - MTEE;NEGATIVO;CONSISTENTE;INVERSION
LLANITO-121;29.01;29.01;VSH;IP_SH60;0.32;MTOMC - MTEE;POSITIVO;CONSISTENTE;INVERSION
LLANITO-121;29.01;29.01;VSH;VPVS_SH60;0.571;MTOMC - MTEE;POSITIVO;CONSISTENTE;INVERSION
LLANITO-99;31.05;31.05;GR;IP_SH60;0.098;MTOMC - MTEE;POSITIVO;CONSISTENTE;SHIFT_30FT
LLANITO-99;31.05;31.05;GR;VPVS_SH60;-0.513;MTOMC - MTEE;POSITIVO;INCONSISTENTE;SHIFT_30FT
LLANITO-99;31.05;31.05;PERM;IP_SH60;-0.24;MTOMC - MTEE;NEGATIVO;CONSISTENTE;SHIFT_30FT
LLANITO-99;31.05;31.05;PERM;VPVS_SH60;-0.029;MTOMC - MTEE;NEGATIVO;CONSISTENTE;SHIFT_30FT
LLANITO-99;31.05;31.05;POR;IP_SH60;0.022;MTOMC - MTEE;NEGATIVO;INCONSISTENTE;SHIFT_30FT
LLANITO-99;31.05;31.05;POR;VPVS_SH60;0.584;MTOMC - MTEE;NEGATIVO;INCONSISTENTE;SHIFT_30FT
LLANITO-99;31.05;31.05;VSH;IP_SH60;0.054;MTOMC - MTEE;POSITIVO;CONSISTENTE;SHIFT_30FT
LLANITO-99;31.05;31.05;VSH;VPVS_SH60;-0.572;MTOMC - MTEE;POSITIVO;INCONSISTENTE;SHIFT_30FT
