POZO;INTERVALO;DEPTH;RT3_Xplt;RT3_GR;RT3_IP_03;RT3_K;RT3_Por;RT3_VpVs_03;RT3_Vsh
LLANITO-7;MTOMC-MTEE;5000;3;2;1;3;2;1;3
LLANITO-7;MTOMC-MTEE;5005;3;2;1;2;2;1;3
LLANITO-7;MTOMC-MTEE;5010;3;3;1;3;3;1;3
LLANITO-7;MTOMC-MTEE;5015;3;3;1;3;3;1;3
LLANITO-7;MTOMC-MTEE;5020;3;3;1;3;3;1;3
LLANITO-7;MTOMC-MTEE;5025;3;2;1;1;2;1;2
LLANITO-7;MTOMC-MTEE;5030;3;3;1;3;3;1;3
LLANITO-7;MTOMC-MTEE;5035;3;3;1;3;3;1;3
LLANITO-7;MTOMC-MTEE;5040;3;2;1;1;1;1;2
LLANITO-7;MTOMC-MTEE;5045;3;3;1;3;2;1;3
LLANITO-7;MTOMC-MTEE;5050;3;3;1;3;3;1;3
LLANITO-7;MTOMC-MTEE;5055;3;2;1;1;2;1;2
LLANITO-7;MTOMC-MTEE;5060;3;2;1;1;2;1;2
LLANITO-7;MTOMC-MTEE;5065;3;3;1;3;3;1;3
LLANITO-7;MTOMC-MTEE;5070;3;1;1;1;1;1;1
LLANITO-7;MTOMC-MTEE;5075;3;2;1;1;2;1;2
LLANITO-7;MTOMC-MTEE;5080;3;2;1;1;2;1;2
LLANITO-7;MTOMC-MTEE;5085;3;2;1;3;2;1;3
LLANITO-7;MTOMC-MTEE;5090;3;2;1;3;2;1;3
LLANITO-7;MTOMC-MTEE;5095;3;2;1;1;1;1;2
LLANITO-7;MTOMC-MTEE;5100;3;2;1;1;2;1;2
LLANITO-7;MTOMC-MTEE;5105;3;2;1;1;2;1;2
LLANITO-7;MTOMC-MTEE;5110;3;3;1;3;3;1;3
LLANITO-7;MTOMC-MTEE;5115;3;2;1;3;2;1;3
LLANITO-7;MTOMC-MTEE;5120;3;2;1;3;2;1;3
LLANITO-7;MTOMC-MTEE;5125;3;3;1;3;3;1;3
LLANITO-7;MTOMC-MTEE;5130;3;2;1;1;2;1;2
LLANITO-7;MTOMC-MTEE;5135;3;1;1;1;1;1;1
LLANITO-7;MTOMC-MTEE;5140;3;1;1;1;1;1;1
LLANITO-7;MTOMC-MTEE;5145;3;2;1;1;1;1;2
LLANITO-7;MTOMC-MTEE;5150;3;3;1;3;3;1;3
LLANITO-7;MTOMC-MTEE;5155;3;3;1;3;3;1;3
LLANITO-7;MTOMC-MTEE;5160;3;3;1;3;3;1;3
LLANITO-7;MTOMC-MTEE;5165;3;2;1;1;2;1;2
LLANITO-7;MTOMC-MTEE;5170;3;1;1;1;1;1;1
LLANITO-7;MTOMC-MTEE;5175;3;3;1;3;3;1;3
LLANITO-7;MTOMC-MTEE;5180;3;3;1;3;3;1;3
LLANITO-7;MTOMC-MTEE;5185;3;3;1;3;3;1;3
LLANITO-7;MTOMC-MTEE;5190;3;2;1;3;2;1;3
LLANITO-7;MTOMC-MTEE;5195;3;2;1;3;2;1;3
LLANITO-7;MTOMC-MTEE;5200;3;3;1;3;3;1;3
LLANITO-7;MTOMC-MTEE;5205;3;3;1;3;3;1;3
LLANITO-7;MTOMC-MTEE;5210;3;3;1;3;3;1;3
LLANITO-7;MTOMC-MTEE;5215;3;3;1;3;3;1;3
LLANITO-7;MTOMC-MTEE;5220;3;2;1;3;2;1;3
LLANITO-7;MTOMC-MTEE;5225;3;1;1;1;1;1;1
LLANITO-7;MTOMC-MTEE;5230;3;1;1;1;1;1;1
LLANITO-7;MTOMC-MTEE;5235;3;2;1;3;2;1;3
LLANITO-7;MTOMC-MTEE;5240;3;3;1;3;3;1;3
LLANITO-7;MTOMC-MTEE;5245;3;3;1;3;3;1;3
LLANITO-7;MTOMC-MTEE;5250;3;2;1;3;2;1;3
LLANITO-7;MTOMC-MTEE;5255;3;3;1;3;3;1;3
LLANITO-7;MTOMC-MTEE;5260;3;3;1;3;3;1;3
LLANITO-7;MTOMC-MTEE;5265;3;3;1;3;3;1;3
LLANITO-7;MTOMC-MTEE;5270;3;3;1;3;3;1;3
LLANITO-7;MTOMC-MTEE;5275;3;3;1;3;3;1;3
LLANITO-7;MTOMC-MTEE;5280;3;3;1;3;3;1;3
LLANITO-7;MTOMC-MTEE;5285;3;3;1;3;3;1;3
LLANITO-7;MTOMC-MTEE;5290;3;3;1;3;3;1;3
LLANITO-7;MTOMC-MTEE;5295;3;1;1;1;1;1;1
LLANITO-7;MTOMC-MTEE;5300;3;1;1;1;1;1;1
LLANITO-7;MTOMC-MTEE;5305;3;3;1;3;3;1;3
LLANITO-7;MTOMC-MTEE;5310;3;3;1;3;3;1;3
LLANITO-7;MTOMC-MTEE;5315;3;3;1;3;3;1;3
LLANITO-7;MTOMC-MTEE;5320;3;1;1;1;1;1;1
LLANITO-7;MTOMC-MTEE;5325;3;3;1;3;3;1;3
LLANITO-7;MTOMC-MTEE;5330;3;2;1;3;2;1;3
LLANITO-7;MTOMC-MTEE;5335;3;1;1;1;1;1;2
LLANITO-7;MTOMC-MTEE;5340;3;2;1;1;1;1;2
LLANITO-7;MTOMC-MTEE;5345;3;3;1;3;3;1;3
LLANITO-7;MTOMC-MTEE;5350;3;3;1;3;3;1;3
LLANITO-7;MTOMC-MTEE;5355;3;2;1;3;2;1;3
LLANITO-7;MTOMC-MTEE;5360;3;2;1;1;2;3;2
LLANITO-7;MTOMC-MTEE;5365;3;2;1;3;2;3;3
LLANITO-7;MTOMC-MTEE;5370;3;3;1;3;2;3;3
LLANITO-7;MTOMC-MTEE;5375;3;2;1;3;2;3;3
LLANITO-7;MTOMC-MTEE;5380;3;1;1;1;1;3;1
LLANITO-7;MTOMC-MTEE;5385;3;2;1;1;1;3;2
LLANITO-7;MTOMC-MTEE;5390;3;2;1;1;1;3;2
LLANITO-7;MTOMC-MTEE;5395;3;2;1;1;2;3;2
LLANITO-7;MTOMC-MTEE;5400;3;3;1;3;3;2;3
LLANITO-7;MTOMC-MTEE;5405;3;3;1;3;3;2;3
LLANITO-7;MTOMC-MTEE;5410;2;1;1;1;1;1;1
LLANITO-7;MTOMC-MTEE;5415;2;1;1;1;1;1;1
LLANITO-7;MTOMC-MTEE;5420;1;1;1;1;1;1;1
LLANITO-7;MTOMC-MTEE;5425;1;2;1;3;2;1;3
LLANITO-7;MTOMC-MTEE;5430;1;3;1;3;3;1;3
LLANITO-7;MTOMC-MTEE;5435;1;3;1;3;3;1;3
LLANITO-7;MTOMC-MTEE;5440;1;3;1;3;3;1;3
LLANITO-7;MTOMC-MTEE;5445;1;2;1;1;2;1;2
LLANITO-7;MTOMC-MTEE;5450;2;3;1;3;3;2;3
LLANITO-7;MTOMC-MTEE;5455;2;2;1;3;2;2;3
LLANITO-7;MTOMC-MTEE;5460;3;3;1;3;3;3;3
LLANITO-7;MTOMC-MTEE;5465;3;3;1;3;3;3;3
LLANITO-7;MTOMC-MTEE;5470;3;3;2;3;3;3;3
LLANITO-7;MTOMC-MTEE;5475;3;3;2;3;3;3;3
LLANITO-7;MTOMC-MTEE;5480;3;3;3;3;3;3;3
LLANITO-7;MTOMC-MTEE;5485;3;3;3;3;3;3;3
LLANITO-7;MTOMC-MTEE;5490;3;3;3;3;3;3;3
LLANITO-7;MTOMC-MTEE;5495;3;3;3;3;3;3;3
LLANITO-7;MTOMC-MTEE;5500;3;3;2;3;3;3;3
LLANITO-7;MTOMC-MTEE;5505;3;3;2;3;3;3;3
LLANITO-7;MTOMC-MTEE;5510;2;2;1;1;1;3;2
LLANITO-7;MTOMC-MTEE;5515;2;2;1;3;2;3;3
LLANITO-7;MTOMC-MTEE;5520;2;3;1;3;3;1;3
LLANITO-7;MTOMC-MTEE;5525;2;1;1;1;1;1;1
LLANITO-7;MTOMC-MTEE;5530;1;2;1;1;1;1;2
LLANITO-7;MTOMC-MTEE;5535;1;3;1;3;3;1;3
LLANITO-7;MTOMC-MTEE;5540;1;3;1;3;3;1;3
LLANITO-7;MTOMC-MTEE;5545;1;2;1;3;2;1;3
LLANITO-7;MTOMC-MTEE;5550;1;3;1;3;3;1;3
LLANITO-7;MTOMC-MTEE;5555;1;2;1;3;2;1;3
LLANITO-7;MTOMC-MTEE;5560;2;3;1;3;3;2;3
LLANITO-7;MTOMC-MTEE;5565;2;3;1;3;3;2;3
LLANITO-7;MTOMC-MTEE;5570;3;3;1;3;3;3;3
LLANITO-7;MTOMC-MTEE;5575;3;3;1;3;3;3;3
LLANITO-7;MTOMC-MTEE;5580;3;3;1;3;3;3;3
LLANITO-7;MTOMC-MTEE;5585;3;3;1;3;3;3;3
LLANITO-7;MTOMC-MTEE;5590;3;2;1;3;2;3;3
LLANITO-7;MTOMC-MTEE;5595;3;2;1;2;2;3;3
LLANITO-7;MTOMC-MTEE;5600;3;1;2;1;1;3;1
LLANITO-7;MTOMC-MTEE;5605;3;3;3;3;3;3;3
LLANITO-7;MTOMC-MTEE;5610;3;3;1;3;3;3;3
LLANITO-7;MTOMC-MTEE;5615;3;3;1;3;3;3;3
LLANITO-7;MTOMC-MTEE;5620;2;3;1;3;3;3;3
LLANITO-7;MTOMC-MTEE;5625;2;3;1;3;3;3;3
LLANITO-7;MTOMC-MTEE;5630;2;2;1;2;2;1;3
LLANITO-7;MTOMC-MTEE;5635;3;2;1;1;2;1;2
LLANITO-7;MTOMC-MTEE;5640;3;3;1;3;3;1;3
LLANITO-7;MTOMC-MTEE;5645;3;3;1;3;3;1;3
LLANITO-7;MTOMC-MTEE;5650;3;3;1;3;2;1;3
LLANITO-7;MTOMC-MTEE;5655;3;3;1;3;3;2;3
LLANITO-7;MTOMC-MTEE;5660;3;3;1;3;3;2;3
LLANITO-7;MTOMC-MTEE;5665;3;3;1;3;3;3;3
LLANITO-7;MTOMC-MTEE;5670;3;3;1;3;3;3;3
LLANITO-7;MTOMC-MTEE;5675;3;3;2;3;3;3;3
LLANITO-7;MTOMC-MTEE;5680;3;3;2;3;3;3;3
LLANITO-7;MTOMC-MTEE;5685;3;3;2;3;3;3;3
LLANITO-7;MTOMC-MTEE;5690;3;3;2;3;3;3;3
LLANITO-7;MTOMC-MTEE;5695;3;3;2;3;3;3;3
LLANITO-7;MTOMC-MTEE;5700;3;3;2;3;3;3;3
LLANITO-7;MTOMC-MTEE;5705;3;3;2;3;3;3;3
LLANITO-7;MTOMC-MTEE;5710;3;3;2;3;3;3;3
LLANITO-7;MTOMC-MTEE;5715;3;3;1;3;3;3;3
LLANITO-7;MTOMC-MTEE;5720;3;3;1;3;3;3;3
LLANITO-7;MTOMC-MTEE;5725;2;3;1;3;3;2;3
LLANITO-7;MTOMC-MTEE;5730;2;3;1;3;3;2;3
LLANITO-7;MTOMC-MTEE;5735;2;2;1;2;2;1;3
LLANITO-7;MTOMC-MTEE;5740;2;3;1;3;3;1;3
LLANITO-7;MTOMC-MTEE;5745;1;2;1;1;2;1;2
LLANITO-7;MTOMC-MTEE;5750;1;3;1;3;3;1;3
LLANITO-7;MTOMC-MTEE;5755;2;3;1;3;2;1;3
LLANITO-7;MTOMC-MTEE;5760;2;3;1;3;3;1;3
LLANITO-7;MTOMC-MTEE;5765;3;3;1;3;3;2;3
LLANITO-7;MTOMC-MTEE;5770;3;3;1;3;3;2;3
LLANITO-7;MTOMC-MTEE;5775;3;3;2;3;3;3;3
LLANITO-7;MTOMC-MTEE;5780;3;3;2;3;3;3;3
LLANITO-7;MTOMC-MTEE;5785;3;3;3;3;3;3;3
LLANITO-7;MTOMC-MTEE;5790;3;3;3;3;3;3;3
LLANITO-7;MTOMC-MTEE;5795;3;3;3;3;3;3;3
LLANITO-7;MTOMC-MTEE;5800;3;3;3;3;3;3;3
LLANITO-7;MTOMC-MTEE;5805;3;3;3;3;3;3;3
LLANITO-7;MTOMC-MTEE;5810;3;3;3;3;3;3;3
LLANITO-7;MTOMC-MTEE;5815;3;3;2;3;3;3;3
LLANITO-7;MTOMC-MTEE;5820;3;1;2;1;1;3;1
LLANITO-7;MTOMC-MTEE;5825;3;2;1;3;2;3;3
LLANITO-7;MTOMC-MTEE;5830;3;2;1;1;1;3;2
LLANITO-7;MTOMC-MTEE;5835;3;3;1;3;3;2;3
LLANITO-7;MTOMC-MTEE;5840;3;3;1;3;3;2;3
LLANITO-7;MTOMC-MTEE;5845;2;2;1;2;2;1;3
LLANITO-7;MTOMC-MTEE;5850;2;3;1;3;3;1;3
LLANITO-7;MTOMC-MTEE;5855;1;3;1;3;3;1;3
LLANITO-7;MTOMC-MTEE;5860;1;1;1;1;1;1;2
LLANITO-7;MTOMC-MTEE;5865;2;2;1;1;2;1;2
LLANITO-7;MTOMC-MTEE;5870;2;2;1;1;1;1;2
LLANITO-7;MTOMC-MTEE;5875;2;2;1;1;2;2;2
LLANITO-7;MTOMC-MTEE;5880;2;1;1;1;1;2;1
LLANITO-7;MTOMC-MTEE;5885;2;2;1;3;2;3;3
LLANITO-7;MTOMC-MTEE;5890;2;2;1;2;2;3;3
LLANITO-7;MTOMC-MTEE;5895;3;2;1;2;2;3;3
LLANITO-7;MTOMC-MTEE;5900;3;3;1;3;3;3;3
LLANITO-7;MTOMC-MTEE;5905;3;2;1;3;2;3;3
LLANITO-7;MTOMC-MTEE;5910;3;3;1;3;3;3;3
LLANITO-7;MTOMC-MTEE;5915;3;3;2;3;3;3;3
LLANITO-7;MTOMC-MTEE;5920;3;2;2;3;2;3;3
LLANITO-7;MTOMC-MTEE;5925;3;1;2;1;1;3;2
LLANITO-7;MTOMC-MTEE;5930;3;1;2;1;1;2;2
LLANITO-7;MTOMC-MTEE;5935;3;2;2;3;2;2;3
LLANITO-7;MTOMC-MTEE;5940;3;2;3;3;2;2;3
LLANITO-7;MTOMC-MTEE;5945;3;3;3;3;3;2;3
LLANITO-7;MTOMC-MTEE;5950;3;2;2;3;3;1;3
LLANITO-7;MTOMC-MTEE;5955;3;2;2;3;2;1;3
LLANITO-7;MTOMC-MTEE;5960;3;3;2;3;3;2;3
LLANITO-7;MTOMC-MTEE;5965;3;3;2;3;3;2;3
LLANITO-7;MTOMC-MTEE;5970;3;3;2;3;3;2;3
LLANITO-7;MTOMC-MTEE;5975;3;2;2;2;2;2;3
LLANITO-7;MTOMC-MTEE;5980;3;1;2;1;1;2;1
LLANITO-7;MTOMC-MTEE;5985;3;2;2;2;2;2;2
LLANITO-7;MTOMC-MTEE;5990;3;2;2;1;2;1;2
LLANITO-7;MTOMC-MTEE;5995;3;3;2;3;3;1;3
LLANITO-7;MTOMC-MTEE;6000;3;1;1;1;1;1;1
LLANITO-7;MTOMC-MTEE;6005;3;2;1;3;3;1;3
LLANITO-7;MTOMC-MTEE;6010;3;3;1;3;3;1;3
LLANITO-7;MTOMC-MTEE;6015;3;3;1;3;3;1;3
LLANITO-7;MTOMC-MTEE;6020;3;3;1;3;3;1;3
LLANITO-7;MTOMC-MTEE;6025;3;3;1;3;3;1;3
LLANITO-7;MTOMC-MTEE;6030;3;3;1;3;3;1;3
LLANITO-7;MTOMC-MTEE;6035;3;3;1;3;3;1;3
LLANITO-7;MTOMC-MTEE;6040;3;2;1;1;2;1;2
LLANITO-7;MTOMC-MTEE;6045;3;1;1;1;1;1;2
LLANITO-7;MTOMC-MTEE;6050;3;2;1;3;2;2;3
LLANITO-7;MTOMC-MTEE;6055;3;1;1;1;1;2;1
LLANITO-7;MTOMC-MTEE;6060;3;2;1;2;2;3;3
LLANITO-7;MTOMC-MTEE;6065;3;2;1;1;2;3;2
LLANITO-7;MTOMC-MTEE;6070;3;2;1;3;3;3;3
LLANITO-7;MTOMC-MTEE;6075;3;1;1;1;1;3;2
LLANITO-7;MTOMC-MTEE;6080;3;3;2;3;3;3;3
LLANITO-7;MTOMC-MTEE;6085;3;3;2;3;3;3;3
LLANITO-7;MTOMC-MTEE;6090;3;3;1;3;3;3;3
LLANITO-7;MTOMC-MTEE;6095;3;2;1;3;2;3;3
LLANITO-7;MTOMC-MTEE;6100;3;2;1;3;2;3;3
LLANITO-7;MTOMC-MTEE;6105;3;3;1;3;3;3;3
LLANITO-7;MTOMC-MTEE;6110;2;2;1;3;3;2;3
LLANITO-7;MTOMC-MTEE;6115;2;2;1;3;2;2;3
LLANITO-7;MTOMC-MTEE;6120;2;2;1;3;2;1;3
LLANITO-7;MTOMC-MTEE;6125;2;3;1;3;3;1;3
LLANITO-7;MTOMC-MTEE;6130;3;3;1;3;3;1;3
LLANITO-7;MTOMC-MTEE;6135;3;2;1;1;2;1;2
LLANITO-7;MTOMC-MTEE;6140;3;2;1;3;2;1;3
LLANITO-7;MTOMC-MTEE;6145;3;2;1;2;2;1;3
LLANITO-7;MTOMC-MTEE;6150;3;2;2;1;2;1;2
LLANITO-7;MTOMC-MTEE;6155;3;2;2;1;2;1;2
LLANITO-7;MTOMC-MTEE;6160;3;1;2;1;1;2;2
LLANITO-7;MTOMC-MTEE;6165;3;1;2;1;1;2;1
LLANITO-7;MTOMC-MTEE;6170;3;1;2;1;1;3;1
LLANITO-7;MTOMC-MTEE;6175;3;2;2;1;2;3;2
LLANITO-7;MTOMC-MTEE;6180;3;3;2;3;3;3;3
LLANITO-7;MTOMC-MTEE;6185;3;3;2;3;3;3;3
LLANITO-7;MTOMC-MTEE;6190;3;2;2;1;2;3;2
LLANITO-7;MTOMC-MTEE;6195;3;1;2;1;1;3;1
LLANITO-7;MTOMC-MTEE;6200;3;2;2;3;2;3;3
LLANITO-7;MTOMC-MTEE;6205;3;1;2;1;1;3;1
LLANITO-7;MTOMC-MTEE;6210;3;3;2;3;3;3;3
LLANITO-7;MTOMC-MTEE;6215;3;3;2;3;3;3;3
LLANITO-7;MTOMC-MTEE;6220;3;3;1;3;3;2;3
LLANITO-7;MTOMC-MTEE;6225;3;3;1;3;3;3;3
LLANITO-7;MTOMC-MTEE;6230;3;3;1;3;3;1;3
LLANITO-7;MTOMC-MTEE;6235;3;3;1;3;3;1;3
LLANITO-7;MTOMC-MTEE;6240;3;3;1;3;3;1;3
LLANITO-7;MTOMC-MTEE;6245;3;3;1;3;3;1;3
LLANITO-7;MTOMC-MTEE;6250;3;3;1;3;3;1;3
LLANITO-7;MTOMC-MTEE;6255;3;2;1;1;2;1;2
LLANITO-7;MTOMC-MTEE;6260;3;2;1;3;2;1;3
LLANITO-7;MTOMC-MTEE;6265;3;2;1;3;2;2;3
LLANITO-7;MTOMC-MTEE;6270;3;3;1;3;3;2;3
LLANITO-7;MTOMC-MTEE;6275;3;2;1;1;2;3;2
LLANITO-7;MTOMC-MTEE;6280;3;2;1;1;2;3;2
LLANITO-7;MTOMC-MTEE;6285;3;2;2;2;2;3;3
LLANITO-7;MTOMC-MTEE;6290;3;3;2;3;3;3;3
LLANITO-7;MTOMC-MTEE;6295;3;3;2;3;3;3;3
LLANITO-7;MTOMC-MTEE;6300;3;3;2;3;3;3;3
LLANITO-7;MTOMC-MTEE;6305;3;3;2;3;3;3;3
LLANITO-7;MTOMC-MTEE;6310;3;3;2;3;3;3;3
LLANITO-7;MTOMC-MTEE;6315;3;3;2;3;3;2;3
LLANITO-7;MTOMC-MTEE;6320;3;3;2;3;3;2;3
LLANITO-7;MTOMC-MTEE;6325;3;3;2;3;3;2;3
LLANITO-7;MTOMC-MTEE;6330;3;3;2;3;3;2;3
LLANITO-7;MTOMC-MTEE;6335;3;2;1;3;2;2;3
LLANITO-7;MTOMC-MTEE;6340;3;1;1;1;1;2;1
LLANITO-7;MTOMC-MTEE;6345;2;2;1;3;3;3;3
LLANITO-7;MTOMC-MTEE;6350;2;3;1;3;3;3;3
LLANITO-7;MTOMC-MTEE;6355;3;3;1;3;3;3;3
LLANITO-7;MTOMC-MTEE;6360;3;1;1;1;1;3;1
LLANITO-7;MTOMC-MTEE;6365;3;2;2;1;2;3;2
LLANITO-7;MTOMC-MTEE;6370;3;2;2;1;2;3;2
LLANITO-7;MTOMC-MTEE;6375;3;3;2;3;3;3;3
LLANITO-7;MTOMC-MTEE;6380;3;2;2;3;3;3;3
LLANITO-7;MTOMC-MTEE;6385;3;1;2;1;1;3;2
LLANITO-7;MTOMC-MTEE;6390;3;2;2;3;2;3;3
LLANITO-7;MTOMC-MTEE;6395;3;3;2;3;3;3;3
LLANITO-7;MTOMC-MTEE;6400;3;3;2;3;3;3;3
LLANITO-7;MTOMC-MTEE;6405;3;3;2;3;3;2;3
LLANITO-7;MTOMC-MTEE;6410;3;3;2;3;3;2;3
LLANITO-7;MTOMC-MTEE;6415;3;3;3;3;3;1;3
LLANITO-7;MTOMC-MTEE;6420;3;3;3;3;3;1;3
LLANITO-7;MTOMC-MTEE;6425;3;2;2;3;3;1;3
LLANITO-7;MTOMC-MTEE;6430;3;2;2;3;2;1;3
LLANITO-7;MTOMC-MTEE;6435;3;3;2;3;3;1;3
LLANITO-7;MTOMC-MTEE;6440;3;2;2;1;1;1;2
LLANITO-7;MTOMC-MTEE;6445;3;2;2;3;3;1;3
LLANITO-7;MTOMC-MTEE;6450;3;3;2;3;3;1;3
LLANITO-7;MTOMC-MTEE;6455;3;3;2;3;3;1;3
LLANITO-7;MTOMC-MTEE;6460;3;1;2;1;1;1;2
LLANITO-7;MTOMC-MTEE;6465;3;3;2;3;3;2;3
LLANITO-7;MTOMC-MTEE;6470;3;3;2;3;3;2;3
LLANITO-7;MTOMC-MTEE;6475;3;2;2;1;2;3;2
LLANITO-7;MTOMC-MTEE;6480;3;2;2;2;2;3;3
LLANITO-7;MTOMC-MTEE;6485;3;3;2;3;3;3;3
LLANITO-7;MTOMC-MTEE;6490;3;3;2;3;3;3;3
LLANITO-7;MTOMC-MTEE;6495;3;3;2;3;3;3;3
LLANITO-7;MTOMC-MTEE;6500;3;3;2;3;3;3;3
LLANITO-7;MTOMC-MTEE;6505;3;3;2;3;3;2;3
LLANITO-7;MTOMC-MTEE;6510;3;3;2;3;3;2;3
LLANITO-7;MTOMC-MTEE;6515;3;3;1;3;3;2;3
LLANITO-7;MTOMC-MTEE;6520;3;2;1;3;2;2;3
LLANITO-7;MTOMC-MTEE;6525;3;2;1;2;2;2;3
LLANITO-7;MTOMC-MTEE;6530;3;2;1;2;2;2;3
LLANITO-7;MTOMC-MTEE;6535;2;2;1;3;2;1;3
LLANITO-7;MTOMC-MTEE;6540;2;2;1;2;2;1;3
LLANITO-7;MTOMC-MTEE;6545;2;2;1;3;2;1;3
LLANITO-7;MTOMC-MTEE;6550;2;2;1;3;3;1;3
LLANITO-7;MTOMC-MTEE;6555;2;3;1;3;3;1;3
LLANITO-7;MTOMC-MTEE;6560;3;2;1;3;2;1;3
LLANITO-7;MTOMC-MTEE;6565;3;2;1;3;2;1;3
LLANITO-7;MTOMC-MTEE;6570;3;2;1;1;2;1;2
LLANITO-7;MTOMC-MTEE;6575;3;2;1;3;2;1;3
LLANITO-7;MTOMC-MTEE;6580;3;2;1;3;2;1;3
LLANITO-7;MTOMC-MTEE;6585;3;2;1;2;2;1;3
LLANITO-7;MTOMC-MTEE;6590;3;2;1;2;2;1;3
LLANITO-7;MTOMC-MTEE;6595;3;2;1;3;2;1;3
LLANITO-7;MTOMC-MTEE;6600;3;2;1;1;2;1;2
LLANITO-7;MTOMC-MTEE;6605;3;2;1;2;2;1;2
LLANITO-7;MTOMC-MTEE;6610;3;2;2;1;2;2;2
LLANITO-7;MTOMC-MTEE;6615;3;3;2;3;3;2;3
LLANITO-7;MTOMC-MTEE;6620;3;2;2;3;2;2;3
LLANITO-7;MTOMC-MTEE;6625;3;1;2;1;1;2;2
LLANITO-7;MTOMC-MTEE;6630;3;1;2;1;1;2;1
LLANITO-7;MTOMC-MTEE;6635;3;2;2;1;2;2;2
LLANITO-7;MTOMC-MTEE;6640;3;3;2;3;3;1;3
LLANITO-7;MTOMC-MTEE;6645;3;2;2;1;2;1;2
LLANITO-7;MTOMC-MTEE;6650;3;2;2;3;2;1;3
LLANITO-7;MTOMC-MTEE;6655;3;3;2;3;3;1;3
LLANITO-7;MTOMC-MTEE;6660;3;3;2;3;3;1;3
LLANITO-7;MTOMC-MTEE;6665;3;2;2;1;2;1;2
LLANITO-7;MTOMC-MTEE;6670;3;2;2;3;2;1;3
LLANITO-7;MTOMC-MTEE;6675;3;3;2;3;3;1;3
LLANITO-7;MTOMC-MTEE;6680;3;2;1;3;2;1;3
LLANITO-7;MTOMC-MTEE;6685;3;3;1;3;3;1;3
LLANITO-7;MTOMC-MTEE;6690;3;3;1;3;3;1;3
LLANITO-7;MTOMC-MTEE;6695;3;3;1;3;3;1;3
LLANITO-7;MTOMC-MTEE;6700;3;1;1;1;1;1;1
LLANITO-7;MTOMC-MTEE;6705;3;2;1;1;2;1;2
LLANITO-7;MTOMC-MTEE;6710;3;2;1;2;2;2;2
LLANITO-7;MTOMC-MTEE;6715;3;2;1;3;3;2;3
LLANITO-7;MTOMC-MTEE;6720;3;3;2;3;3;3;3
LLANITO-7;MTOMC-MTEE;6725;3;3;2;3;3;3;3
LLANITO-7;MTOMC-MTEE;6730;3;3;2;3;3;3;3
LLANITO-7;MTOMC-MTEE;6735;3;3;2;3;3;3;3
LLANITO-7;MTOMC-MTEE;6740;3;3;2;3;3;3;3
LLANITO-7;MTOMC-MTEE;6745;3;3;2;3;3;3;3
LLANITO-7;MTOMC-MTEE;6750;3;3;2;3;3;3;3
LLANITO-7;MTOMC-MTEE;6755;3;3;2;3;3;3;3
LLANITO-7;MTOMC-MTEE;6760;3;2;2;3;2;3;3
LLANITO-7;MTOMC-MTEE;6765;3;1;2;1;1;3;1
LLANITO-7;MTOMC-MTEE;6770;3;2;1;3;3;2;3
LLANITO-7;MTOMC-MTEE;6775;3;2;1;3;3;2;3
LLANITO-7;MTOMC-MTEE;6780;3;3;1;3;3;1;3
LLANITO-7;MTOMC-MTEE;6785;3;3;1;3;3;1;3
LLANITO-7;MTOMC-MTEE;6790;2;3;1;3;3;1;3
LLANITO-7;MTOMC-MTEE;6795;2;3;1;3;3;1;3
LLANITO-7;MTOMC-MTEE;6800;1;2;1;3;3;1;3
LLANITO-7;MTOMC-MTEE;6805;1;3;1;3;3;1;3
LLANITO-7;MTOMC-MTEE;6810;1;3;1;3;3;1;3
LLANITO-7;MTOMC-MTEE;6815;1;2;1;2;2;1;3
LLANITO-7;MTOMC-MTEE;6820;1;2;1;1;2;1;2
LLANITO-7;MTOMC-MTEE;6825;1;3;1;3;3;1;3
LLANITO-7;MTOMC-MTEE;6830;3;3;1;3;3;1;3
LLANITO-7;MTOMC-MTEE;6835;3;2;1;3;2;1;3
LLANITO-7;MTOMC-MTEE;6840;3;1;2;1;1;1;1
LLANITO-7;MTOMC-MTEE;6845;3;1;2;1;1;1;2
LLANITO-7;MTOMC-MTEE;6850;3;3;3;3;3;2;3
LLANITO-7;MTOMC-MTEE;6855;3;3;3;3;3;3;3
LLANITO-7;MTOMC-MTEE;6860;3;3;3;3;3;3;3
LLANITO-7;MTOMC-MTEE;6865;3;2;3;2;2;3;3
LLANITO-7;MTOMC-MTEE;6870;3;2;3;1;2;3;2
LLANITO-7;MTOMC-MTEE;6875;3;3;3;3;3;3;3
LLANITO-7;MTOMC-MTEE;6880;3;3;3;3;3;3;3
LLANITO-7;MTOMC-MTEE;6885;3;3;2;3;3;2;3
LLANITO-7;MTOMC-MTEE;6890;3;2;2;1;1;2;2
LLANITO-7;MTOMC-MTEE;6895;3;3;2;3;3;2;3
LLANITO-7;MTOMC-MTEE;6900;3;2;2;1;2;2;2
LLANITO-7;MTOMC-MTEE;6905;3;3;1;3;3;1;3
LLANITO-7;MTOMC-MTEE;6910;3;2;1;2;2;1;3
LLANITO-7;MTOMC-MTEE;6915;2;2;1;1;2;1;2
LLANITO-7;MTOMC-MTEE;6920;2;1;1;1;1;1;1
LLANITO-7;MTOMC-MTEE;6925;1;1;1;1;1;1;1
LLANITO-7;MTOMC-MTEE;6930;1;2;1;1;1;1;2
LLANITO-7;MTOMC-MTEE;6935;1;1;1;1;1;1;1
LLANITO-7;MTOMC-MTEE;6940;1;2;1;1;2;1;2
LLANITO-7;MTOMC-MTEE;6945;1;3;1;3;3;1;3
LLANITO-7;MTOMC-MTEE;6950;1;1;1;1;1;1;2
LLANITO-7;MTOMC-MTEE;6955;2;2;1;1;2;1;2
LLANITO-7;MTOMC-MTEE;6960;2;3;1;3;3;1;3
LLANITO-7;MTOMC-MTEE;6965;2;2;1;3;2;2;3
LLANITO-7;MTOMC-MTEE;6970;2;1;1;1;1;2;1
LLANITO-7;MTOMC-MTEE;6975;3;1;1;1;1;2;1
LLANITO-7;MTOMC-MTEE;6980;3;2;1;1;2;2;2
LLANITO-7;MTOMC-MTEE;6985;3;3;2;3;3;2;3
LLANITO-7;MTOMC-MTEE;6990;3;2;2;2;2;2;2
LLANITO-7;MTOMC-MTEE;6995;3;3;2;3;3;2;3
LLANITO-7;MTOMC-MTEE;7000;3;1;2;1;1;2;1
LLANITO-7;MTOMC-MTEE;7005;3;1;2;1;1;2;1
LLANITO-7;MTOMC-MTEE;7010;3;1;2;1;1;2;1
LLANITO-7;MTOMC-MTEE;7015;3;2;2;1;2;2;2
LLANITO-7;MTOMC-MTEE;7020;3;3;2;3;3;2;3
LLANITO-7;MTOMC-MTEE;7025;3;2;3;1;2;1;2
LLANITO-7;MTOMC-MTEE;7030;3;1;3;1;1;1;2
LLANITO-7;MTOMC-MTEE;7035;3;2;2;3;2;1;3
LLANITO-7;MTOMC-MTEE;7040;3;3;2;3;3;1;3
LLANITO-7;MTOMC-MTEE;7045;3;3;1;3;3;2;3
LLANITO-7;MTOMC-MTEE;7050;3;1;1;1;1;2;1
LLANITO-7;MTOMC-MTEE;7055;2;1;1;1;1;2;1
LLANITO-7;MTOMC-MTEE;7060;2;3;1;3;3;2;3
LLANITO-7;MTOMC-MTEE;7065;2;1;1;1;1;1;1
LLANITO-7;MTOMC-MTEE;7070;2;1;1;1;1;1;1
LLANITO-7;MTOMC-MTEE;7075;3;2;1;1;2;1;2
LLANITO-7;MTOMC-MTEE;7080;3;2;1;3;3;1;3
LLANITO-7;MTOMC-MTEE;7085;3;2;1;3;2;1;3
LLANITO-7;MTOMC-MTEE;7090;3;1;1;1;1;1;1
LLANITO-7;MTOMC-MTEE;7095;3;2;1;1;2;1;2
LLANITO-7;MTOMC-MTEE;7100;3;3;1;3;3;1;3
LLANITO-7;MTOMC-MTEE;7105;2;2;1;3;2;2;3
LLANITO-7;MTOMC-MTEE;7110;2;2;1;1;1;2;2
LLANITO-7;MTOMC-MTEE;7115;2;1;1;1;1;2;1
LLANITO-7;MTOMC-MTEE;7120;2;1;1;1;1;2;1
LLANITO-7;MTOMC-MTEE;7125;2;1;1;1;1;2;1
LLANITO-7;MTOMC-MTEE;7130;2;2;1;3;3;2;3
LLANITO-7;MTOMC-MTEE;7135;3;1;1;1;1;2;1
LLANITO-7;MTOMC-MTEE;7140;3;1;1;1;1;2;1
LLANITO-7;MTOMC-MTEE;7145;3;2;1;1;2;1;2
LLANITO-7;MTOMC-MTEE;7150;3;3;1;3;3;1;3
LLANITO-7;MTOMC-MTEE;7155;3;2;2;1;2;1;2
LLANITO-7;MTOMC-MTEE;7160;3;3;2;3;3;1;3
LLANITO-7;MTOMC-MTEE;7165;3;3;3;3;3;1;3
LLANITO-7;MTOMC-MTEE;7170;3;1;1;1;1;1;1
LLANITO-7;MTOMC-MTEE;7175;3;2;2;1;2;1;2
LLANITO-7;MTOMC-MTEE;7180;3;3;3;3;3;1;3
LLANITO-7;MTOMC-MTEE;7185;3;2;1;1;1;1;2
LLANITO-7;MTOMC-MTEE;7190;3;2;1;1;2;1;2
LLANITO-7;MTOMC-MTEE;7195;3;3;1;3;3;1;3
LLANITO-7;MTOMC-MTEE;7200;3;2;2;3;2;1;3
LLANITO-7;MTOMC-MTEE;7205;3;1;2;1;1;1;2
LLANITO-7;MTOMC-MTEE;7210;3;1;3;1;1;1;1
LLANITO-7;MTOMC-MTEE;7215;3;2;3;1;2;1;2
LLANITO-7;MTOMC-MTEE;7220;3;3;3;3;3;1;3
LLANITO-7;MTOMC-MTEE;7225;3;3;3;3;3;1;3
LLANITO-7;MTOMC-MTEE;7230;3;1;2;1;1;1;1
LLANITO-7;MTOMC-MTEE;7235;3;2;2;2;2;1;2
LLANITO-7;MTOMC-MTEE;7240;3;2;2;1;2;1;2
LLANITO-7;MTOMC-MTEE;7245;3;2;2;1;1;1;2
LLANITO-7;MTOMC-MTEE;7250;3;2;1;3;2;1;3
LLANITO-7;MTOMC-MTEE;7255;3;2;1;1;2;1;2
LLANITO-7;MTOMC-MTEE;7260;1;2;1;3;2;1;3
LLANITO-7;MTOMC-MTEE;7265;1;2;1;3;2;1;3
LLANITO-7;MTOMC-MTEE;7270;1;3;1;3;3;1;3
LLANITO-7;MTOMC-MTEE;7275;1;2;1;1;2;1;2
LLANITO-7;MTOMC-MTEE;7280;3;2;1;1;2;1;2
LLANITO-7;MTOMC-MTEE;7285;3;2;1;1;1;1;2
LLANITO-7;MTOMC-MTEE;7290;3;3;2;3;2;1;3
LLANITO-7;MTOMC-MTEE;7295;3;3;2;3;3;1;3
LLANITO-7;MTOMC-MTEE;7300;3;2;1;3;2;1;3
LLANITO-7;MTOMC-MTEE;7305;3;2;1;1;2;1;2
LLANITO-7;MTOMC-MTEE;7310;3;2;1;1;2;1;2
LLANITO-7;MTOMC-MTEE;7315;3;2;1;1;1;1;2
LLANITO-7;MTOMC-MTEE;7320;3;1;2;1;1;1;1
LLANITO-7;MTOMC-MTEE;7325;3;2;2;1;2;1;2
LLANITO-7;MTOMC-MTEE;7330;3;2;2;1;2;1;2
LLANITO-7;MTOMC-MTEE;7335;3;3;2;3;3;1;3
LLANITO-7;MTOMC-MTEE;7340;3;3;2;3;3;2;3
LLANITO-7;MTOMC-MTEE;7345;3;3;2;3;3;2;3
LLANITO-7;MTOMC-MTEE;7350;3;3;3;3;3;3;3
LLANITO-7;MTOMC-MTEE;7355;3;3;3;3;3;3;3
LLANITO-7;MTOMC-MTEE;7360;3;2;3;3;3;3;3
LLANITO-7;MTOMC-MTEE;7365;3;3;3;3;3;3;3
LLANITO-7;MTOMC-MTEE;7370;3;3;3;3;3;3;3
LLANITO-7;MTOMC-MTEE;7375;3;3;3;3;3;3;3
LLANITO-7;MTOMC-MTEE;7380;3;3;1;3;3;2;3
LLANITO-7;MTOMC-MTEE;7385;3;3;1;3;3;2;3
LLANITO-7;MTOMC-MTEE;7390;3;1;1;1;1;1;1
LLANITO-7;MTOMC-MTEE;7395;3;2;1;1;2;1;2
LLANITO-7;MTOMC-MTEE;7400;3;2;1;3;2;1;3
LLANITO-7;MTOMC-MTEE;7405;3;3;1;3;3;1;3
LLANITO-7;MTOMC-MTEE;7410;3;2;1;1;1;1;2
LLANITO-7;MTOMC-MTEE;7415;3;2;1;1;1;1;2
LLANITO-7;MTOMC-MTEE;7420;3;2;1;1;1;1;1
LLANITO-7;MTOMC-MTEE;7425;3;2;1;1;1;1;1
LLANITO-7;MTOMC-MTEE;7430;3;2;1;1;2;1;2
LLANITO-7;MTOMC-MTEE;7435;3;2;1;1;2;1;2
LLANITO-7;MTOMC-MTEE;7440;2;2;1;1;1;1;2
LLANITO-7;MTOMC-MTEE;7445;2;2;1;3;2;1;3
LLANITO-7;MTOMC-MTEE;7450;2;2;1;1;1;2;2
LLANITO-7;MTOMC-MTEE;7455;2;3;1;3;3;2;3
LLANITO-7;MTOMC-MTEE;7460;2;3;1;3;3;2;3
LLANITO-7;MTOMC-MTEE;7465;2;2;1;1;1;2;1
LLANITO-7;MTOMC-MTEE;7470;3;2;2;3;2;3;3
LLANITO-7;MTOMC-MTEE;7475;3;2;1;1;1;3;2
LLANITO-7;MTOMC-MTEE;7480;3;2;3;1;1;3;2
LLANITO-7;MTOMC-MTEE;7485;3;2;3;1;1;3;2
LLANITO-7;MTOMC-MTEE;7490;3;2;3;1;1;3;2
LLANITO-7;MTOMC-MTEE;7495;3;2;3;3;2;3;3
LLANITO-7;MTOMC-MTEE;7500;3;3;3;3;3;3;3
LLANITO-7;MTOMC-MTEE;7505;3;3;3;3;3;3;3
LLANITO-7;MTOMC-MTEE;7510;3;3;2;3;3;2;3
LLANITO-7;MTOMC-MTEE;7515;3;3;3;3;3;2;3
LLANITO-7;MTOMC-MTEE;7520;3;2;3;3;3;2;3
LLANITO-7;MTOMC-MTEE;7525;3;2;3;3;3;1;3
LLANITO-7;MTOMC-MTEE;7530;3;2;3;2;2;1;3
LLANITO-7;MTOMC-MTEE;7535;3;2;3;3;2;1;3
LLANITO-7;MTOMC-MTEE;7540;3;3;3;3;3;1;3
LLANITO-7;MTOMC-MTEE;7545;3;3;3;3;3;1;3
LLANITO-7;MTOMC-MTEE;7550;3;3;3;3;3;1;3
LLANITO-7;MTOMC-MTEE;7555;3;3;3;3;3;2;3
LLANITO-7;MTOMC-MTEE;7560;3;3;3;3;3;2;3
LLANITO-7;MTOMC-MTEE;7565;3;3;3;3;3;2;3
LLANITO-7;MTOMC-MTEE;7570;3;3;3;3;3;2;3
LLANITO-7;MTOMC-MTEE;7575;3;3;3;3;3;2;3
LLANITO-7;MTOMC-MTEE;7580;3;3;3;3;3;2;3
LLANITO-7;MTOMC-MTEE;7585;3;3;3;3;3;2;3
LLANITO-7;MTOMC-MTEE;7590;3;3;3;3;3;2;3
LLANITO-7;MTOMC-MTEE;7595;3;3;2;3;3;3;3
LLANITO-7;MTOMC-MTEE;7600;3;3;2;3;3;3;3
LLANITO-7;MTOMC-MTEE;7605;3;3;2;3;3;3;3
LLANITO-7;MTOMC-MTEE;7610;3;3;2;3;3;3;3
LLANITO-7;MTOMC-MTEE;7615;3;3;2;3;3;3;3
LLANITO-7;MTOMC-MTEE;7620;3;3;2;3;3;3;3
LLANITO-7;MTOMC-MTEE;7625;3;2;2;1;1;3;1
LLANITO-7;MTOMC-MTEE;7630;3;2;2;1;1;3;2
LLANITO-7;MTOMC-MTEE;7635;3;1;1;1;1;3;1
LLANITO-7;MTOMC-MTEE;7640;3;1;1;1;1;3;1
LLANITO-7;MTOMC-MTEE;7645;3;3;1;3;3;3;3
LLANITO-7;MTOMC-MTEE;7650;3;3;1;3;3;3;3
LLANITO-7;MTOMC-MTEE;7655;3;3;1;3;3;3;3
LLANITO-7;MTOMC-MTEE;7660;3;3;1;3;3;3;3
LLANITO-7;MTOMC-MTEE;7665;3;2;1;3;2;3;3
LLANITO-7;MTOMC-MTEE;7670;3;2;1;3;3;3;3
LLANITO-7;MTOMC-MTEE;7675;3;3;2;3;3;3;3
LLANITO-7;MTOMC-MTEE;7680;3;3;2;3;3;3;3
LLANITO-7;MTOMC-MTEE;7685;3;3;2;3;3;3;3
LLANITO-7;MTOMC-MTEE;7690;3;3;2;3;3;3;3
LLANITO-7;MTOMC-MTEE;7695;3;3;2;3;3;3;3
LLANITO-7;MTOMC-MTEE;7700;3;3;2;3;3;3;3
LLANITO-7;MTOMC-MTEE;7705;3;3;2;3;3;2;3
LLANITO-7;MTOMC-MTEE;7710;3;3;2;3;3;2;3
LLANITO-7;MTOMC-MTEE;7715;3;3;2;3;3;2;3
LLANITO-7;MTOMC-MTEE;7720;3;3;2;3;3;2;3
LLANITO-7;MTOMC-MTEE;7725;3;3;3;3;3;1;3
LLANITO-7;MTOMC-MTEE;7730;3;3;3;3;3;1;3
LLANITO-7;MTOMC-MTEE;7735;3;3;3;3;3;1;3
LLANITO-7;MTOMC-MTEE;7740;3;3;3;3;3;1;3
LLANITO-7;MTOMC-MTEE;7745;3;3;3;3;3;1;3
LLANITO-7;MTOMC-MTEE;7750;3;3;3;3;3;1;3
LLANITO-7;MTOMC-MTEE;7755;3;3;3;3;3;1;3
LLANITO-7;MTOMC-MTEE;7760;3;3;3;3;3;1;3
LLANITO-7;MTOMC-MTEE;7765;3;3;3;3;3;1;3
LLANITO-7;MTOMC-MTEE;7770;3;3;3;3;3;1;3
LLANITO-7;MTOMC-MTEE;7775;3;3;3;3;3;1;3
LLANITO-7;MTOMC-MTEE;7780;3;3;3;3;3;1;3
LLANITO-7;MTOMC-MTEE;7785;3;3;3;3;3;1;3
LLANITO-7;MTOMC-MTEE;7790;3;2;3;1;2;1;2
LLANITO-7;MTOMC-MTEE;7795;3;3;3;3;3;1;3
LLANITO-7;MTOMC-MTEE;7800;3;3;3;3;3;1;3
LLANITO-7;MTOMC-MTEE;7805;3;3;2;3;3;1;3
LLANITO-7;MTOMC-MTEE;7810;3;3;2;3;3;1;3
LLANITO-7;MTOMC-MTEE;7815;3;3;2;3;3;1;3
LLANITO-7;MTOMC-MTEE;7820;3;3;2;3;3;2;3
LLANITO-7;MTOMC-MTEE;7825;3;2;2;3;3;2;3
LLANITO-7;MTOMC-MTEE;7830;3;3;2;3;3;2;3
LLANITO-7;MTOMC-MTEE;7835;3;3;2;3;3;2;3
LLANITO-7;MTOMC-MTEE;7840;2;3;2;3;3;2;3
LLANITO-7;MTOMC-MTEE;7845;2;3;2;3;3;2;3
LLANITO-7;MTOMC-MTEE;7850;2;3;2;3;3;2;3
LLANITO-7;MTOMC-MTEE;7855;2;3;2;3;3;2;3
LLANITO-7;MTOMC-MTEE;7860;2;3;2;3;3;1;3
LLANITO-7;MTOMC-MTEE;7865;2;3;2;3;3;1;3
LLANITO-7;MTOMC-MTEE;7870;3;3;2;3;3;1;3
LLANITO-7;MTOMC-MTEE;7875;3;3;2;3;3;1;3
LLANITO-7;MTOMC-MTEE;7880;3;3;2;3;3;1;3
LLANITO-7;MTOMC-MTEE;7885;3;3;2;3;3;1;3
LLANITO-7;MTOMC-MTEE;7890;3;3;3;3;3;1;3
LLANITO-7;MTOMC-MTEE;7895;3;3;3;3;3;1;3
LLANITO-7;MTOMC-MTEE;7900;3;3;3;3;3;1;3
LLANITO-7;MTOMC-MTEE;7905;3;3;3;3;3;1;3
LLANITO-7;MTOMC-MTEE;7910;3;3;3;3;3;1;3
LLANITO-7;MTOMC-MTEE;7915;3;3;3;3;3;1;3
LLANITO-7;MTOMC-MTEE;7920;3;3;3;3;3;1;3
LLANITO-7;MTOMC-MTEE;7925;3;3;3;3;3;1;3
LLANITO-7;MTOMC-MTEE;7930;3;3;3;3;3;1;3
LLANITO-7;MTOMC-MTEE;7935;3;3;3;3;3;1;3
LLANITO-7;MTOMC-MTEE;7940;3;3;3;3;3;1;3
LLANITO-7;MTOMC-MTEE;7945;3;3;3;3;3;1;3
LLANITO-7;MTOMC-MTEE;7950;3;3;3;3;3;1;3
LLANITO-7;MTOMC-MTEE;7955;3;3;3;3;3;1;3
LLANITO-7;MTOMC-MTEE;7960;3;3;3;3;3;2;3
LLANITO-7;MTOMC-MTEE;7965;3;3;3;3;3;2;3
LLANITO-7;MTOMC-MTEE;7970;3;3;3;3;3;2;3
LLANITO-7;MTOMC-MTEE;7975;3;3;3;3;3;2;3
LLANITO-7;MTOMC-MTEE;7980;3;3;2;3;3;1;3
LLANITO-7;MTOMC-MTEE;7985;3;3;2;3;3;1;3
LLANITO-7;MTOMC-MTEE;7990;3;3;1;3;3;1;3
LLANITO-7;MTOMC-MTEE;7995;3;3;1;3;3;1;3
LLANITO-7;MTOMC-MTEE;8000;2;3;1;3;3;1;3
LLANITO-7;MTOMC-MTEE;8005;2;3;1;3;3;1;3
LLANITO-7;MTOMC-MTEE;8010;2;3;1;3;3;1;3
LLANITO-7;MTOMC-MTEE;8015;2;3;1;3;3;1;3
LLANITO-7;MTOMC-MTEE;8020;3;3;1;3;3;1;3
LLANITO-7;MTOMC-MTEE;8025;3;3;1;3;3;1;3
LLANITO-7;MTOMC-MTEE;8030;3;3;1;3;3;1;3
LLANITO-7;MTOMC-MTEE;8035;3;3;1;3;3;1;3
LLANITO-7;MTOMC-MTEE;8040;3;3;1;3;3;1;3
LLANITO-7;MTOMC-MTEE;8045;3;3;1;3;3;1;3
LLANITO-7;MTOMC-MTEE;8050;3;3;1;3;3;1;3
LLANITO-7;MTOMC-MTEE;8055;3;3;1;3;3;1;3
LLANITO-7;MTOMC-MTEE;8060;3;3;1;3;3;1;3
LLANITO-7;MTOMC-MTEE;8065;3;3;1;3;3;1;3
LLANITO-7;MTOMC-MTEE;8070;3;3;1;3;3;1;3
LLANITO-7;MTOMC-MTEE;8075;3;3;1;3;3;1;3
LLANITO-7;MTOMC-MTEE;8080;3;3;2;3;3;1;3
LLANITO-7;MTOMC-MTEE;8085;3;3;2;3;3;1;3
LLANITO-7;MTOMC-MTEE;8090;3;3;2;3;3;1;3
LLANITO-7;MTOMC-MTEE;8095;3;2;2;3;3;1;1
